#狂った民族２ PRAVARGYAZOOQA	#미친 민족２ PRAVARGYAZOOQA
1000年生きてる	1000년 살고 있어
184億回のマルチトニック	184억회의 멀티토닉
39みゅーじっく！	39뮤직!
Alice in 冷凍庫	Alice in 냉동고
BaBan!! －甘い罠－	BaBan!! －달콤한 함정－
Backyun! －悪い女－
Bad Apple!! feat.nomico ～五十嵐 撫子 Ver.～
Burning Hearts ～炎のANGEL～	Burning Hearts ～불꽃의 ANGEL～
GET!! 夢&DREAM
HIMITSUスパーク
Help me, あーりん！	Help me, 아린！
How To Make 音ゲ～曲！
KONNANじゃないっ！	이렇지 않아!
L4TS:2018 (feat. あひる & KTA)
Let's ミクササイズ！！	Let's 미쿠서사이즈!!
Love's Theme of BADASS ～バッド・アス 愛のテーマ～	Love's Theme of BADASS ～배드・애스 사랑의 테마～
Make Up Your World feat. キョンシーのCiちゃん & らっぷびと
On your mark (104期 Ver.)
REVIVER オルタンシア・サーガ -蒼の騎士団- オリジナルVer.
Seyana. ～何でも言うことを聞いてくれるアカネチャン～	아무 말이나 해도 다 들어주는 아카네짱
Shining Ray ～僕らの絆～	Shining Ray ～우리들의 인연～
Shooting Shower～DANCE TIME(シンディ)～
U&iVERSE -銀河鸞翔-	U&IVERSE -은하난상-
Y.Y.Y.計画!!!!
maimaiちゃんのテーマ	maimai짱의 테마
maiム・maiム feat.週刊少年マガジン	mai마・mai마 feat.주간 소년 매거진
welcome to maimai!! with マイマイマー	welcome to maimai!! with 마이마이마
≠彡"/了→
♡マイマイマイラブ♡	♡마이마이마이러브♡
『んっあっあっ。』	『응앗앗.』
『ウソテイ』 ～一回戦せりなvsしろなvsなずな～
【東方ニコカラ】秘神マターラ feat.魂音泉【IOSYS】
あいたい星人	보고싶어성인
あつすぎの歌	너무나 더운 노래
あなたは世界の終わりにずんだを食べるのだ	당신은 세상의 끝에 즌다를 먹는 것이다
あねぺったん	아네펫탄
ありきたりな恋の歌	흔해빠진 사랑 노래
ありふれたせかいせいふく	흔해빠진 세계정복
いちげき！のテーマ	이치게키!의 테마
いっしそう電☆舞舞神拳！	일자상전☆마이마이 신권!
いっぱい食べる君が好きだよ	잘 먹는 네가 좋아
いーあるふぁんくらぶ	하나둘 팬클럽
うい麦畑でつかまえて	우이밭의 파수꾼
うぇいびー	웨이비
えれくとりっく・えんじぇぅ	일렉트릭 엔젤
おくすり飲んで寝よう	약 먹고 자자
おこちゃま戦争	어린이 전쟁
おちゃめ機能	장난기 기능
おても☆Yan	오테모☆Yan	오테모얀
おとせサンダー	떨어트려라 썬더
おねがいダーリン	부탁해 달링
おべんきょうたいむ	공부 타임
おジャ魔女カーニバル!!
お呪い	주문
お嫁にしなさいっ！	신부로 삼으세요!
お願いマッスル	부탁이야, 머슬
お願い！コンコンお稲荷さま	부탁해! 콩콩 여우신님
かせげ！ジャリンコヒーロー
からくりピエロ	꼭두각시 피에로
きたさいたま2000	키타사이타마2000
きみのためなら死ねる	너를 위해서라면 죽을 수 있어
きゅうくらりん	두근 어질
きゅびずむ	큐비즘
きゅびびびびずむ
きらっせ☆ウッド村ファーム	어서옵셔☆우드마을 농장
ぐるぐるWASH！コインランドリー・ディスコ	빙글빙글 WASH！코인 세탁기・디스코
げきオコスティックファイナリアリティぷんぷんマスタースパーク	격하게 화내며 마지막엔 뿜뿜 마스터 스파크
ここからはじまるプロローグ。
ここからはじまるプロローグ。 (Kanon Remix)
このふざけた素晴らしき世界は、僕の為にある	이 실없이 멋진 세계는, 나를 위해 있어
このピアノでお前を8759632145回ぶん殴る	이 피아노로 너를 8759632145번 후려갈긴다
さくゆいたいそう	사쿠유이 체조
さよならヒストリー	잘 있어 히스토리
さよならプリンセス	안녕 프린세스
しねばいいのに	죽으면 좋을 텐데
しゅわスパ大作戦☆	슈와스파 대작전☆
しゅ～しん？変身☆ハカイシンzzZ	취~침? 변신☆ 파괴신zzZ
しんでしまうとはなさけない！	죽어버리다니 한심하구나!
すろぉもぉしょん	슬로 모션
すーぱーぬこになりたい	슈퍼 누코가 되고 싶어
すーぱーぬこになれんかった	슈퍼 누코가 되지 못했어
ずんだもんの朝食　〜目覚ましずんラップ〜	즌다몬의 아침밥
ずんだパーリナイ	즌다 파티 나잇
その群青が愛しかったようだった
ただ選択があった	그저 선택이 있었어
だからパンを焼いたんだ
だから僕は音楽を辞めた	그래서 나는 음악을 그만두었다
だれかの心臓になれたなら	누군가의 심장이 될 수 있다면
だんだん早くなる	점점 빨라져
ちがう!!!	달라!!!
ってゐ！ ～えいえんてゐVer～	테위! ~영원 테위Ver~
つづみぐさ	민들레
つるぺったん	쯔루펫탄	빨래판 소녀
てらてら	번질번질
でらっくmaimai♪てんてこまい!	디럭쿠 maimai♪ 정신없다마이!
とびだせ！TO THE COSMIC!!
とりあえずアナタがいなくなるまえに	일단 당신이 없어지기 전에
どぅーまいべすと！	두 마이 베스트!
どういうことなの！？	어떻게 된 거야!?
どうしてこうなった	어째서 이렇게 된 거야
どんぐりGAME	도토리 GAME
ないせんのうた
なだめスかし Negotiation（TVsize）	어르고 달래기 Negotiation
なるとなぎのパーフェクトロックンロール教室	나루와 나기의 퍼펙트 로큰롤 교실
なんかノイズにきこえる	뭔가 노이즈로 들려
にじよめちゃん体操第一億	니지요메 체조 제1장
にっこり^^調査隊のテーマ	빙그레^^조사대의 테마
にゃーにゃー冒険譚	냥냥 모험담
ねぇ、壊れタ人形ハ何処へ棄テらレるノ？	저기, 망가진 인형은 어디에 버려지는거야?
のじゃロリック	노쟈 로릭
のだ	것이다
はいよろこんで	네 기꺼이
はげしこの夜 -Psylent Crazy Night-
はじまりの未来	시작의 미래
はちみつアドベンチャー
はやくそれになりたい！	빨리 그것이 되고 싶어!
はんぶんこ
ばかみたい【Taxi Driver Edition】
ぱくぱく☆がーる
ぱぱぱらビーチ	파파파라 비치
ひれ伏せ愚民どもっ！
ぴぴぱぷぅ！	삐삐빠뿌!
ふらふらふら、	어질어질어질,
へべれけジャンキー	고주망태 정키
ほしぞらスペクタクル	별하늘 스펙타클
ぼくたちいつでも　しゅわっしゅわ！	우리들은 언제든지 슈와슈와!
ぽっぴっぽー	폿핏포
ぽわわん劇場	폭신폭신 극장
まっすぐ→→→ストリーム！
まにまに	뜻대로
み　む　かｩ　わ　ナ　イ　ス　ト　ラ　イ
みくみくにしてあげる♪【してやんよ】
みなえをチェック！	미나에를 체크!
みんなの
みんなのマイマイマー	모두의 마이마이마
むかしむかしのきょうのぼく	옛날 옛적의 오늘의 나
むしみこうにゃーのハッピッピー
もういいよ	이제 됐어
もうみんなしねばいいのに
もぺもぺ
ももいろの鍵	복숭아색 열쇠
やめろ！聴くな！
ゆけむり魂温泉 II	유케무리 혼음천 II
ゆっくりしていってね！！！	느긋하게 있어!!!
ゆりかご	요람
ようこそジャパリパークへ	어서와 자파리 파크에
りばーぶ	리버브
るろうらんる	유랑 누더기
れっつ！みらくる☆はーどこあっ！	해보자！미라클☆하드코엇！
アイアイ傘	아이아이가사
アイディスマイル	아이디 스마일
アイドル
アイドル新鋭隊	아이돌 신예대
アイム・マイヒーロー	아임・마이 히어로
アウターサイエンス	아우터 사이언스
アカツキアライヴァル	새벽 어라이벌
アカリがやってきたぞっ	아카리가 찾아왔다굿
アゲアゲアゲイン	어게어게 어게인
アスノヨゾラ哨戒班	내일의 밤하늘 초계반
アスヘノBRAVE
アディショナルメモリー	어디셔널 메모리
アトロポスと最果の探究者	아트로포스와 종점의 탐구자
アニマル	애니멀
アポカリプスに反逆の焔を焚べろ	아포칼립스에 반역의 불꽃을 지펴라
アマツキツネ	천상의 여우
アマノジャクリバース feat. ｙｔｒ
アルカリレットウセイ	알칼리 열등생
アルカンシエル
アルティメットセンパイ	얼티밋 선배
アンクローズ・ヒューマン
アンドロイドガール	안드로이드 걸
アンノウン・マザーグース	언노운 마더 구스
アンハッピーリフレイン	언해피 리프레인
アンバークロニクル	앰버 크로니클
アンビバレンス	앰비밸런스
アージェントシンメトリー	어젠트 시메트리	은빛의 대칭
イアイア★ナイトオブデザイア	이아이아★나이트 오브 디자이어
イカサマライフゲイム	사기 라이프 게임
イガク	의학
イタ電はやめて！ ぼくらのスカーレット・コール
イノコリ先生	나머지 선생님
イヤホンロマンス
イロトリドリのメロディ	형형색색의 멜로디
インターネットサバイバー	인터넷 서바이버
インドア系ならトラックメイカー	인도어계라면 트랙메이커
インパアフェクシオン・ホワイトガアル	임퍼펙션 화이트 걸
インビジブル	인비저블
イーヴィルガール	이빌 걸
ウィーアーピコピコハンマーズ!!!!	위 아 피코피코 해머즈!!!!
ウサテイ	우사테이
ウタヒメナイトストーム	우타히메 나이트 스톰
ウッーウッーウマウマ(ﾟ∀ﾟ)	캐러멜댄스
ウマイネームイズうまみちゃん
ウミユリ海底譚	갯나리 해저담
ウルトラトレーラー	울트라 트레일러
エイプリルスター	에이프릴 스타
エイリアンエイリアン	에일리언 에일리언
エゴロック	에고 록
エスオーエス
エテルニタス・ルドロジー
エナドリおいしいソング	에너지 드링크 맛있어 송
エピクロスの虹はもう見えない	에피쿠로스의 무지개는 이제 보이지 않아
エンジェル ドリーム	엔젤 드림
エンドマークに希望と涙を添えて	엔드마크에 희망과 눈물을 더하며
エンヴィーベイビー	엔비 베이비
エータ・ベータ・イータ
オシオキGIMMICK!!
オトヒメモリー☆ウタゲーション	오토히메모리☆우타게이션
オパ! オパ! RACER -GMT mashup-
オモイヨシノ	오모이요시노
オリフィス	오리피스
オレンジの夏	오렌지의 여름
オーケー？　オーライ！
オーディエンスを沸かす程度の能力 feat.タイツォン
オーバーライド	오버라이드
カゲロウデイズ	아지랑이 데이즈
カラッポ・ノンフィクション	텅 비어있는・논픽션
カラフル×メロディ
カーニバルハッピー	카니발 해피
ガチャガチャきゅ～と・ふぃぎゅ@メイト	가챠가챠 큐~트 피규@메이트
ガラテアの螺旋	갈라테아의 나선
ガランド	갈란드
キズナの物語	인연의 이야기
キミとボクのミライ
キミノヨゾラ哨戒班	내일의 밤하늘 초계반
キャットラビング	캣 러빙
キャプテン・ムラサのケツアンカー	캡틴 무라사의 엉덩이 앵커
キュートなカノジョ	큐트한 그녀
キラメキ居残り大戦争	반짝이는 나머지 대전쟁
キリキリ舞Mine	아슬아슬 마이 Mine
キレキャリオン	베어라 캐리온
ギリギリ最強あいまいみー！
クノイチでも恋がしたい	쿠노이치라도 사랑이 하고 싶어
クレイジークレイジーダンサーズ
クレイジー・ビート	크레이지 비트
クローバー♣クラブ	클로버♣클럽
クーネル・エンゲイザー	쿠네루 엔게이저
グッバイ宣言	굿바이 선언
グラーヴェ	그라베
グリーンライツ・セレナーデ	그린라이츠 세레나데
ケロ⑨destiny	케로⑨destiny
ココロ	마음
ココロスキャンのうた	마음 스캔의 노래
コスモポップファンクラブ
コトバ・カラフル	언어・컬러풀
コンティニュー！ feat. 藍月なくる	컨티뉴! feat. 아이츠키 나쿠루
ゴーゴー幽霊船	고고 유령선
ゴーストルール	고스트 룰
サイエンス	사이언스
サイバーサンダーサイダー	사이버 썬더 사이다
サウンド	사운드
サウンドプレイヤー	사운드 플레이어
サドマミホリック	사도마미 홀릭
サヨナラチェーンソー	안녕 체인소
サヨナラフリーウェイ
サンバディ！	삼바디!
サンバランド	삼바랜드
ザムザ	잠자
シアトリカル・ケース	시어트리컬 케이스
シアワセうさぎ	행복 토끼
シエルブルーマルシェ	시엘 블루 마르쉐
シカ色デイズ	사슴색 데이즈
シスターシスター	시스터 시스터
シックスプラン	식스 플랜
シャルル	샤를
シュガーホリック
シリウスの輝きのように
ジェットブラック	제트 블랙
ジェヘナ	게헨나
ジャンキーナイトタウンオーケストラ	정키 나이트 타운 오케스트라
ジレンマ
ジンギスカン
ジングルベル	징글벨
スイートマジック	스위트 매직
スカーレット警察のゲットーパトロール24時	스칼렛 경찰의 게토 패트롤 24시
スターナイトスノウ	스타 나이트 스노우
スターリースカイ☆パレード	스태리 스카이☆퍼레이드
スティールユー
ステップアンドライム	스텝 앤 라임
ストリーミングハート	스트리밍 하트
スナネコのうた	모래고양이의 노래
スノーマン (Rerec)	스노우맨 (Rerec)
スピカの天秤	스피카의 천칭
スリップフリップ	슬립 플립
スロウダウナー	슬로우 다우너
スローアライズ	슬로 어라이즈
スローグロー	슬로우 글로우
スーパーシンメトリー
セイクリッド　ルイン
セカイ	세카이
セカイはまだ始まってすらいない	세상은 아직 시작조차 하지 않았어
セガサターン起動音[H.][Remix]
セツナトリップ	세츠나 트립
セハガガガンバッちゃう！！
ゼロトーキング	제로 토킹
ソリッド	솔리드
ソーラン☆節	소오란☆절	소란부시
タカハせ！名人マン	타카하세! 명인맨
タケモトピアノCMソング
タテマエと本心の大乱闘
ダブルラリアット	더블 래리어트
ダンシング☆サムライ	댄싱☆사무라이
ダンスロボットダンス	댄스 로봇 댄스
ダーリンダンス	달링 댄스
チエルカ／エソテリカ	치에루카／에소테리카
チュルリラ・チュルリラ・ダッダッダ！	츄루리라·츄루리라·땃땃따!
チューリングの跡	튜링의 흔적
チルノのパーフェクトさんすう教室	치르노의 퍼펙트 산수교실
チルノのパーフェクトさんすう教室　⑨周年バージョン	치르노의 퍼펙트 산수교실 ⑨주년 버전
ツギハギスタッカート	누덕누덕 스타카토
ツクヨミステップ
ツムギボシ	츠무기보시
テオ	테오
テトリス	테토리스
テレキャスタービーボーイ	텔레캐스터 비보이
ディカディズム	데카디즘
デコボコ体操第二	데코보코체조 제2
デスパレイト	데스퍼레이트
デッドマンズバラッド	데드맨즈 발라드
デッドレッドガールズ	데드 레드 걸즈
デビル☆アイドル
デビルじゃないもん	데빌이 아닌걸
デリヘル呼んだら君が来た	데리헤루를 불렀더니 네가 왔어
デンパラダイム
デーモンベット	데몬 베트
トノサマビーム	토노사마 빔
トラフィック・ジャム	트래픽 잼
トランスダンスアナーキー	트랜스 댄스 아나키
トリアージ	트리아지
トリドリ⇒モリモリ！Lovely fruits☆
トルコ行進曲 - オワタ＼(^o^)／	터키 행진곡 - 망했다＼(^o^)／
トレジャーガーデン	트레저 가든
トンデモワンダーズ	터무니없는 원더즈
ドキドキDREAM!!!
ドクハク	독백
ドラゴンエネルギー
ドーナツホール	도넛 홀
ド屑	개쓰레기
ナイトメア☆パーティーナイト
ナイト・オブ・ナイツ	나이트 오브 나이츠
ナイト・オブ・ナイツ (Cranky Remix)
ナミダと流星	눈물과 유성
ナンセンス文学	난센스 문학
ニルヴの心臓	니르브의 심장
ネガティブ進化論	네거티브 진화론
ネクロファンタジア～Arr.Demetori
ネコ日和。	고양이 일기.
ネトゲ廃人シュプレヒコール	온라인 게임 폐인 슈프레히코어
ネ！コ！
ノイローゼ	노이로제
ノンブレス・オブリージュ	논브레스 오블리주
ハウリング	하울링
ハオ	하오
ハジマリノピアノ	시작의 피아노
ハッピーシンセサイザ	해피 신디사이저
ハム太郎とっとこうた	방가방가 햄토리
ハロ／ハワユ	하로
ハート・ビート	하트・비트
ハードコア・シンドローム
バイオレンストリガー	바이올런스 트리거
バカ通信	바보 통신
バグ	버그
バッド・ダンス・ホール	배드 댄스 홀
バベル	바벨
バラバラ〜仮初レインボーローズ〜
バラライカ	발랄라이카
バレリーコ	발레리코
バーチャルダム　ネーション	버추어담 네이션
パズルリボン	퍼즐 리본
パラドクスイヴ	패러독스 이브
パラボラ
パラマウント☆ショータイム！！	파라마운트☆쇼타임!!
パンダヒーロー	판다 히어로
パーフェクション	퍼펙션
パーフェクト生命	퍼펙트 생명
ヒアソビ	불장난
ヒステリックナイトガール	히스테릭 나이트 걸
ヒトガタ	인간형상
ヒバナ	불꽃
ヒバリ
ヒミツCULT	비밀CULT
ビターチョコデコレーション	비터 초코 데코레이션
ビビデバ	비비데바
ピポピポ -People People- feat. ななひら
ピュグマリオンの咒文	피그말리온의 주문
ピリオドサイン	피리어드 사인
ピーマンたべたら	피망 먹었더니
ファンタジーゾーン OPA-OPA! -GMT remix-
フィクサー	픽서
フェイクフェイス・フェイルセイフ	페이크 페이스・페일 세이프
フォニイ	포니
フォルテシモBELL	포르티시모 BELL
フキゲンワルツ	언짢은 왈츠
フタタビ	또 다시
フラグメンツ -T.V. maimai edit-	프래그먼츠
フラジール	프래질
フリィダム ロリィタ	프리덤 로리타
ブリキノダンス	브리키의 댄스
ブレインジャックシンドローム	브레인 잭 신드롬
プナイプナイせんそう	푸나이푸나이 전쟁
プラネタリウム・レヴュー
プリズム△▽リズム	프리즘△▽리듬
ヘルシーエンド	헬시 엔드
ベノム	베놈
ベースラインやってる？笑	베이스라인 하고있니? ㅋ
ホシシズク	호시시즈쿠	별방울
ホラフキパペット
ボッカデラベリタ	보카 델라 베리타
ポケットからぬりつぶせ！
ポッピンキャンディ☆フィーバー！	팝핀 캔디☆피버!
ポップミュージックは僕のもの	팝 뮤직은 나의 것
マイオドレ！舞舞タイム	춤춰라! 마이마이 타임
マツケンサンバⅡ	마츠켄 삼바
マツヨイナイトバグ	마츠요이 나이트버그
マトリョシカ	마트료시카
マヌルネコのうた
マネマネサイコトロピック	흉내흉내 사이코트로픽
マリアをはげませ	마리아를 북돋우다
マーシャル・マキシマイザー	마셜 맥시마이저
ミクマリ	미쿠마리
ミラクルペイント	미라클 페인트
ミラクルポップ☆アドベンチャー!!!!!	미라클 팝☆어드벤처
ミラクル・ショッピング
ミルキースター・シューティングスター	밀키 스타・슈팅 스타
メイトなやつら（FEAT. 天開司, 佐藤ホームズ, あっくん大魔王 & 歌衣メイカ）
メグメグ☆ファイアーエンドレスナイト	메구메구☆파이어 엔들리스 나이트
メズマライザー	메스머라이저
メランコリック	멜랑콜릭
メルティランドナイトメア	멜티 랜드 나이트메어
メルト	멜트
モ°ルモ°ル	모°루모°루
モ°ルモ°ル (MZK Skippin' Remix)
モエチャッカファイア	차가운상어아가씨
モザイクロール	모자이크 롤
モニタリング	모니터링
モンスターカミング	몬스터 커밍
モンダイナイトリッパー！	문제 없는 트리퍼!
ヤミツキ	고질
ヤミナベ!!!!	야미나베!!!!
ユビキリ	유비키리
ユメヒバナ	꿈불꽃
ヨミビトシラズ	작자미상	요미비토 시라즈
ライアーダンサー	라이어 댄서
ラグトレイン	래그 트레인
ラストピースに祝福と栄光を	라스트피스에 축복과 영광을
ラットが死んだnew words	래트가 죽었다
ラビットホール	래빗 홀
ラブって♡ジュエリー♪えんじぇる☆ブレイク！！
ラブチーノ
ラブリー☆えんじぇる!!
ラプラスショコラ	라플라스 쇼콜라
ラヴィ	라비
リアライズ
リスペク風神	Respec풍신
リッジでリッジでGO!GO!GO! -GMT mashup-
リフヴェイン	리프베인
リモコン	리모컨
リリリリ★バーニングナイト	릴리릴리★버닝 나이트
リンカーネイション	리인카네이션
ルカルカ★ナイトフィーバー	루카루카★나이트 피버
レッツゴー!陰陽師	렛츠고! 음양사
レーイレーイ	레이레이
ロウワー	로워
ロキ	로키
ロストワンの号哭	로스트 원의 호곡
ロストワードクロニカル	로스트워드 크로니클
ロミオとシンデレラ	로미오와 신데렐라
ロータスイーター	로터스 이터
ローリンガール	롤링 걸
ロールプレイングゲーム	롤 플레잉 게임
ワンダーシャッフェンの法則	원더샤펜의 법칙
ワードワードワード	워드 워드 워드
ワールズエンド・ダンスホール	월즈 엔드 댄스홀
ワールドワイドワンダー	월드와이드 원더
ワーワーワールド	와 와 월드
ヱデン	에덴
ヴァンパイア	뱀파이어
ヴィラン	빌런
㋰責任集合体	(무)책임집합체
一か罰	하나 아니면 벌칙
三妖精SAY YA!!!
三日月ステップ 2023	초승달 스텝 2023
下克上々	하극상상
不思議の国のクリスマス
不機嫌なスリーカード
不毛！	쓸모없어!
乙女解剖	소녀해부
二息歩行	이식보행
人マニア	사람 마니아
人生リセットボタン	인생 리셋 버튼
人里に下ったアタイがいつの間にか社畜になっていた件	외딴집에 있던 아타이가 어느새 사축이 되어 있던 건
人間が大好きなこわれた妖怪の唄	인간을 사랑한 망가진 요괴의 노래
今、誰が為のかがり火へ
偉大なる悪魔は実は大天使パトラちゃん様なのだ！
僕の和風本当上手	나의 와풍 정말 고수
僕は空気が嫁ない	나는 분위기를 읽지 못한다
儚きもの人間	덧없는 것 인간
光線チューニング
全世界共通リズム感テスト
全人類ノ非想天則
全力ハッピーライフ	전력 해피 라이프
六兆年と一夜物語	육조 년과 하룻밤 이야기
共感覚おばけ
共鳴	공명	쿄-메이
円舞曲、君に	원무곡을 그대에게
再会
分からない	모르겠어
分解収束テイル	분해 수속 테일
初音ミクの暴走	하츠네 미쿠의 폭주
初音ミクの消失	하츠네 미쿠의 소실
初音ミクの激唱	하츠네 미쿠의 격창
初音天地開闢神話	하츠네 천지개벽 신화
前前前世	전전전세
前衛的Landscape	전위적 Landscape
劣等上等	열등상등
勇者	용사
勝手に生きましょ
勦滅	초멸
化けの花	둔갑의 꽃
匿名M	익명M
千本桜	천본앵
単一指向性オーバーブルーム	단일 지향성 오버블룸
厨病激発ボーイ	중병격발 보이
右に曲ガール	우회전 걸
右肩の蝶	오른 어깨의 나비
吉原ラメント	요시와라 라멘토
君だったから
命に嫌われている	생명에게 미움받고 있어.
命ばっかり	목숨뿐
命テステス	목숨 테스트 테스트
咲キ誇レ常世ノ華
唱	쇼
噛み係	씹어삼키다
四月の雨
四次元跳躍機関
回る空うさぎ	회전하는 하늘 토끼
回レ！雪月花
囲い無き世は一期の月影	가두지 못한 세상은 한순간의 달 그림자
地上の戦士
地獄	지옥
地球	지구
壱雫空	한 방울
夜咄ディセイブ	야화 디세이브
夜明けまであと３秒	새벽까지 앞으로 3초
夢現妄想世界
夢花火	꿈불꽃
大輪の魂 (feat. AO, 司芭扶)
天ノ弱	천성의 약함
天使の翼。	천사의 날개.
天使光輪	천사광륜
天国と地獄	천국과 지옥
天国と地獄 -言ノ葉リンネ-	천국과 지옥 -언어윤회-
天火明命
天狗の落とし文 feat. ｙｔｒ
天蓋	천개
太陽系デスコ	태양계 디스코
失敗作少女	실패작 소녀
奏者はただ背中と提琴で語るのみ	연주자는 그저 등과 바이올린으로 이야기할 뿐
好きな惣菜発表ドラゴン	좋아하는 반찬 발표 드래곤
好き！雪！本気マジック	좋아! 눈! 진심 매직
妄想感傷代償連盟	망상감상대상연맹
妄想税	망상세
妖精村の月誕祭 ～Lunate Elf
宙天	주천
宛城、炎上！！
宵の鳥	저녁의 새
宿星審判
宿題が終わらないっ！
寝起きヤシの木	기상 야자수
封焔の135秒	봉염의 135초
少女A
少女レイ	소녀 레이
少女幻葬戦慄曲 ～ Necro Fantasia
居並ぶ穀物と溜息まじりの運送屋	늘어선 곡물과 한숨 섞인 운송업자
届かない花束	전해지지 않는 꽃다발
帝国少女	제국소녀
幸せになれる隠しコマンドがあるらしい	행복해질 수 있는 숨겨진 커맨드가 있다는 것 같다
幻想に咲いた花	환상에 피어난 꽃
幻想のサテライト	환상의 새틀라이트
幽闇に目醒めしは	그윽한 어둠에서 눈뜨다
幽霊東京	유령 도쿄
幾四音-Ixion-	기사음-Ixion-
幾望の月	기망의 달
康莊大道	강장대도	빛에 비춰지는 거리
廃墟にいますキャンペーン	폐허에 있습니다 캠페인
廻廻奇譚	회회기담
弱虫モンブラン	겁쟁이 몽블랑
強風オールバック	강풍 올백
彗星ハネムーン	혜성 허니문
彩りキャンバス	채색 캔버스
待チ人ハ来ズ。	기다리는 사람은 오지 않고.
御旗のもとに	깃발 아래에서
心象蜃気楼	심상신기루
忙シー日	바쁜 하루
怒槌
怪盗Rのテーマ	괴도 R의 테마
恋の氷結おてんば湯けむりチルノ温泉	사랑의 빙결 말괄량이 수증기 치르노 온천
恋愛裁判	연애재판
患部で止まってすぐ溶ける～狂気の優曇華院	환부에서 멈춰서 바로 녹는다~광기의 우동게인
悪戯	장난
悪戯センセーション	장난 센세이션
悪魔の踊り方	악마가 춤추는 법
愛包ダンスホール	아이파이 댄스홀	사랑파이 댄스홀
感情ディシーブ	감정 디시브
抜錨	발묘
拝啓、最高の思い出たち
拝啓ドッペルゲンガー	친애하는 도플갱어에게
撩乱乙女†無双劇	요란소녀†무쌍극
放課後ストライド	방과 후 스트라이드
敗北の少年	패배의 소년
教えて!! 魔法のLyric	가르쳐줘!! 마법의 Lyric
新人類	신인류
日本の米は世界一	일본의 쌀은 세계제일
明星ギャラクティカ	샛별 갤럭티카
明星ロケット	아케보시 로켓
星めぐり、果ての君へ。
星屑ユートピア	별가루 유토피아
星界ちゃんと可不ちゃんのおつかい合騒曲	세카이 쨩과 카후 쨩의 장보기 합소곡
星空パーティーチューン	별하늘 파티튠
星見草	호시미소우	성견초
星詠みとデスペラード	점성술사와 데스페라도
春を告げる
春嵐	춘람
時空を超えて久しぶり！
時計の国のジェミニ	시계 나라의 쌍둥이자리
曖昧mind	애매 mind
最っ高のエンタメだ!!
最強 the サマータイム!!!!!
最強STRONGER
最愛人生ランナー	최애 인생 러너
最終鬼畜妹フランドール・S	최종귀축 여동생 플랑드르 S
最終鬼畜妹・一部声
最速最高シャッターガール	최속최고 셔터걸
月に叢雲華に風	달에 구름 꽃에 바람
月光	월광
月面基地	월면기지
有明/Ariake
有頂天ドリーマーズ	유정천 드리머즈
木彫り鯰と右肩ゾンビ	목각 메기와 오른쪽 어깨 좀비
東京リアルワールド
東京レトロ	도쿄 레트로
東方スイーツ！～鬼畜姉妹と受難メイド～
東方妖々夢 ～the maximum moving about～	동방요요몽 ~ the maximum moving about ~
林檎華憐歌
果ての空、僕らが見た光。	끝의 하늘, 우리들이 본 빛.
極圏	극권
概して過誤	대체로 과오
橙の幻想郷音頭
檄！帝国華撃団(改)
死ぬな！	죽지 마!
殿ッ！？ご乱心！？	주인님!? 제정신!?
氷滅の135小節	빙멸의 135소절
永遠にゲームで対戦したいキリタン	영원히 게임에서 대전하고 싶은 키리탄
永遠のメロディ	영원의 멜로디
泡沫、哀のまほろば	물거품, 슬픔의 절경
泣き虫O'clock
洗脳
深海シティアンダーグラウンド	심해시티 언더그라운드
深海少女	심해소녀
渦状銀河のシンフォニエッタ
源平大戦絵巻テーマソング	원평대전회권테마송
演劇
火炎地獄	화염지옥
炉心融解	노심융해
炎歌 -ほむらうた-	염가 -불꽃의 노래-
炭★坑★節	탄★갱★절	탄코부시
無敵We are one!!
無間嫉妬劇場『666』	무간질투극장 '666
熱異常	열이상
片想いサンバ
物凄いヴァイブスで魔理沙が物凄いラップ
物凄い勢いでけーねが物凄いうた	굉장한 기세로 케이네가 굉장한 노래
犬日和。	개 일기.
独りんぼエンヴィー	혼자 놀이 엔비
猛進ソリストライフ！	맹진 솔리스트 라이프!
猫猫的宇宙論	냥냥적 우주론
猫祭り	고양이 축제
玩具狂奏曲 -終焉-	완구광주곡 -종언-
生きてるおばけは生きている
生命不詳	생명불상
田中	타나카
疾走あんさんぶる	질주 앙상블
病み垢ステロイド	우울계 스테로이드
白い雪のプリンセスは	하얀 눈의 프린세스는
白ゆき	백설
白花の天使	백화의 천사
相思創愛	상사창애
真・ハンサム体操でズンドコホイ
真空都市	진공도시
砂の函	모래상자
砂の惑星 feat. HATSUNE MIKU	모래의 행성
神々が恋した幻想郷	신들이 사랑한 환상향
神々の祈り	신들의 기도
神っぽいな	신 같네
神威	카무이
神室雪月花	카무로 설월화
福宿音屋魂音泉
私のドッペルゲンガー	나의 도플갱어
私の中の幻想的世界観及びその顕現を想起させたある現実での出来事に関する一考察	내 안의 환상적 세계관 및 그 구현을 상기시킨 현실의 사건에 관한 한 고찰
秋の未確認生物	가을의 미확인생물
究極焼肉レストラン！お燐の地獄亭！	궁극 불고기 레스토랑! 오린의 지옥정!
空回りライブラリ	공회전 라이브러리
空威張りビヘイビア	허세 Behavior
立ち入り禁止	출입금지
立川浄穢捕物帳	타치카와 정예 포물장
竹
管弦楽組曲 第3番 ニ長調「第2曲（G線上のアリア）」BWV.1068-2	G선상의 아리아
系ぎて	츠나기테	이음매	이어져서
約束	약속
紅に染まる恋の花	붉게 물드는 사랑의 꽃
紅星ミゼラブル～廃憶編
終わりなき物語
終点	종점
終焉逃避行	종언도피행
結ンデ開イテ羅刹ト骸	쥐었다가 펼쳐서 나찰과 송장
絡めトリック利己ライザー	얽힌 트릭 이기 라이저
絡繰りドール	꼭두각시 돌
絶え間なく藍色	끊임없는 남빛
絶対にチョコミントを食べるアオイチャン	반드시 민트초코를 먹는 아오이짱
絶対敵対メチャキライヤー	절대 적대 완전 싫어
緋色のDance	진홍색의 Dance
美しく燃える森
美夜月鏡	미야월경
群青シグナル
群青讃歌	군청찬가
胡蝶乃舞	호접내무	나비의 춤
脳天直撃
脳漿炸裂ガール	뇌장작렬 걸
腐れ外道とチョコレゐト	썩은 외도와 초콜릿
自傷無色	자상무색
色は匂へど散りぬるを	향기로운 꽃도 언젠간 지는 법
花と、雪と、ドラムンベース。	꽃과 눈과 드럼 앤 베이스
花となれ	꽃이 되어라
若い力	젊은 힘
若い力 -SEGA HARD GIRLS MIX-	젊은 힘 -SEGA HARD GIRLS MIX-
華の集落、秋のお届け	꽃의 마을, 가을의 전달
華天月兎	화천월토
華鳥風月	화조풍월
蒼穹舞楽	창궁무악
蒼空に舞え、墨染の桜
虹と太陽	무지개와 태양
蜘蛛の糸
表裏一体	표리일체
裏表ラバーズ	겉과 속의 러버즈
解けないように	풀리지 않도록
言ノ葉カルマ	언어 카르마
言ノ葉遊戯	언어유희
記憶、記録	기억, 기록
赤心性：カマトト荒療治	적심성: 새침데기 치료
超常マイマイン
超最終鬼畜妹フランドール・S
超熊猫的周遊記（ワンダーパンダートラベラー）	초웅묘적주유기	원더 팬더 트래블러
超絶！Superlative	초절! Superlative
踊	춤
踊れオーケストラ	춤춰라 오케스트라
躯樹の墓守	썩은 나무의 묘지기
転生林檎	전생사과
迷える音色は恋の唄	망설이는 음색은 사랑의 노래
進め！イッスン軍団 -Rebellion of the Dwarfs-	전진하라! 소인 군단 -Rebellion of the Dwarfs-
進捗どうですか？	진척 어떠세요?
過去を喰らう	과거를 먹다
遺伝子レベル∞スパイラル	유전자 레벨∞스파이럴
酔いどれ知らず	취한 줄을 모르고
采配の刻 Power of order	지휘의 시간 Power of order
金の聖夜霜雪に朽ちて	금빛의 성야는 서리와 눈에 스러지고
銀のめぐり
閃鋼のブリューナク	섬강의 브류나크
阿修羅ちゃん	아수라 쨩	아수라 짱
阿吽のビーツ	아훔의 비트
隠密あんみつDX	은밀한 안미츠 DX
隠然
雨とペトラ	비와 페트라
雨露霜雪	우로상설
雲外蒼電 -Dreaming Voltage-	운외창전 -Dreaming Voltage-
零號車輛	영호차량
雷切-RAIKIRI-
電光刹歌	전광찰가
電光石火	전광석화
電話革命ナイセン
電車で電車でGO!GO!GO!GC! -GMT remix-
電車で電車でOPA!OPA!OPA! -GMT mashup-
青春コンプレックス	청춘 콤플렉스
響け！CHIREI MY WAY!
響縁	향연
頓珍漢の宴	얼뜨기의 연회
願いを呼ぶ季節
骸骨楽団とリリア	해골악단과 리리아
高気圧ねこロック	고기압 고양이 락
鬼女紅妖	귀녀홍요
魂のルフラン	혼의 루프란
魔ジョ狩リ	마녀사냥
魔法少女とチョコレゐト	마법소녀와 초콜릿
魔法少女になるしかねぇ
魔理沙は大変なものを盗んでいきました	마리사는 엄청난 것을 훔쳐갔습니다
麒麟	기린
鼓動	고동
＊ハロー、プラネット。	*헬로, 플래닛.
